{"cameraMode":{"drawMode":0,"name":"Shaded","section":"Shading Mode"},"sceneLighting":true,"audioPlay":false,"sceneViewState":{"showFog":true,"showMaterialUpdate":false,"showSkybox":false,"showFlares":true,"showImageEffects":true,"showParticleSystems":true},"in2DMode":false,"pivot":{"x":3.1146087646484377,"y":6.9818572998046879,"z":-1.1991996765136719},"rotation":{"x":0.11435864865779877,"y":0.8724529147148132,"z":-0.24513544142246247,"w":0.40700939297676089},"size":38.10551834106445,"orthographic":false}