{"cameraMode":{"drawMode":0,"name":"Shaded","section":"Shading Mode"},"sceneLighting":true,"audioPlay":false,"sceneViewState":{"showFog":true,"showMaterialUpdate":false,"showSkybox":false,"showFlares":true,"showImageEffects":true,"showParticleSystems":true},"in2DMode":false,"pivot":{"x":-10.529532432556153,"y":12.924139022827149,"z":27.381534576416017},"rotation":{"x":-0.2762688398361206,"y":-0.0025987911503762008,"z":0.0007470957352779806,"w":-0.9610766172409058},"size":21.78006362915039,"orthographic":false}