{"cameraMode":{"drawMode":0,"name":"Shaded","section":"Shading Mode"},"sceneLighting":true,"audioPlay":false,"sceneViewState":{"showFog":true,"showMaterialUpdate":false,"showSkybox":false,"showFlares":true,"showImageEffects":true,"showParticleSystems":true},"in2DMode":false,"pivot":{"x":-8.638679504394532,"y":12.460480690002442,"z":2.2739734649658205},"rotation":{"x":-0.029402755200862886,"y":0.9704752564430237,"z":-0.17690758407115937,"w":-0.16129794716835023},"size":51.665794372558597,"orthographic":false}