{"cameraMode":{"drawMode":0,"name":"Shaded","section":"Shading Mode"},"sceneLighting":true,"audioPlay":false,"sceneViewState":{"showFog":true,"showMaterialUpdate":false,"showSkybox":false,"showFlares":true,"showImageEffects":true,"showParticleSystems":true},"in2DMode":false,"pivot":{"x":7.147054672241211,"y":25.640138626098634,"z":-8.289068222045899},"rotation":{"x":0.04732264578342438,"y":0.9091623425483704,"z":-0.10769934207201004,"w":0.3994814157485962},"size":36.840293884277347,"orthographic":false}