{"cameraMode":{"drawMode":0,"name":"Shaded","section":"Shading Mode"},"sceneLighting":true,"audioPlay":false,"sceneViewState":{"showFog":true,"showMaterialUpdate":false,"showSkybox":false,"showFlares":true,"showImageEffects":true,"showParticleSystems":true},"in2DMode":false,"pivot":{"x":96.51100158691406,"y":-9.493036270141602,"z":5.4775567054748539},"rotation":{"x":-0.11321678012609482,"y":-0.5242567658424377,"z":0.07057228684425354,"w":-0.8410448431968689},"size":136.07308959960938,"orthographic":false}